"name"	"subsystem"	"wave"	"audited_file_references"	"extracted_call_count"	"official_file_references"	"community_file_references"	"audit_status"	"implementation_kind"	"contract_status"	"data_contract"	"state_owner"	"persistence"	"client_sync"
"TaskNote"	"task-quest-note"	"5"	"162"	"951"	"1"	"161"	"not_in_current_engine_or_project"	"native-gameplay-api"	"data-contract-recovered"	"VNG task-note templates and task state schema"	"server task manager"	"role task state"	"task journal and NPC marker sync"
"HaveIBBuff"	"ibbuff-player-npc"	"4"	"95"	"274"	"0"	"95"	"not_in_current_engine_or_project"	"native-gameplay-api"	"data-contract-recovered"	"VNG IBBuff registry, stacking and duration rules"	"server buff manager"	"player buffs"	"buff state/icon/timer sync"
"AddIBBuff"	"ibbuff-player-npc"	"4"	"89"	"201"	"2"	"87"	"not_in_current_engine_or_project"	"native-gameplay-api"	"data-contract-recovered"	"VNG IBBuff registry, stacking and duration rules"	"server buff manager"	"player buffs"	"buff state/icon/timer sync"
"HaveNormalItem"	"item-inventory-equipment"	"2"	"80"	"184"	"0"	"80"	"project_global_candidate"	"project-global-or-native-contract"	"call-contract-inventoried"	"settings/item/001 plus verified EventItem/Treasure registries"	"server inventory"	"role inventory"	"inventory/equipment sync"
"RemoveIBBuff"	"ibbuff-player-npc"	"4"	"75"	"156"	"0"	"75"	"not_in_current_engine_or_project"	"native-gameplay-api"	"data-contract-recovered"	"VNG IBBuff registry, stacking and duration rules"	"server buff manager"	"player buffs"	"buff state/icon/timer sync"
"GetHardNpcAttrib"	"npc-ai-creature-trap-totem"	"7"	"60"	"62"	"1"	"59"	"not_in_current_engine_or_project"	"native-gameplay-api"	"data-contract-recovered"	"VNG HardNpc/AI/trap/totem/creature contracts"	"server NPC/world"	"runtime lifetime"	"NPC/morph/effect sync"
"AddNormalItemPile"	"item-inventory-equipment"	"2"	"51"	"80"	"0"	"51"	"not_in_current_engine_or_project"	"native-gameplay-api"	"call-contract-inventoried"	"settings/item/001 plus verified EventItem/Treasure registries"	"server inventory"	"role inventory"	"inventory/equipment sync"
"GetPlayerExtLevel"	"player-progression-relation-title"	"3"	"36"	"105"	"0"	"36"	"not_in_current_engine_or_project"	"native-gameplay-api"	"call-contract-inventoried"	"VNG player progression/relation/title schema"	"server player"	"role/relationship state"	"F3/title/attribute sync"
"IsHaveSpaceForTreasure"	"item-inventory-equipment"	"2"	"35"	"42"	"0"	"35"	"not_in_current_engine_or_project"	"native-gameplay-api"	"call-contract-inventoried"	"settings/item/001 plus verified EventItem/Treasure registries"	"server inventory"	"role inventory"	"inventory/equipment sync"
"GetJusticEvilCredit"	"player-progression-relation-title"	"3"	"35"	"110"	"0"	"35"	"not_in_current_engine_or_project"	"native-gameplay-api"	"call-contract-inventoried"	"VNG player progression/relation/title schema"	"server player"	"role/relationship state"	"F3/title/attribute sync"
"Msg2CurMapAnnounceEx"	"message-dialog-ui"	"1"	"31"	"31"	"0"	"31"	"not_in_current_engine_or_project"	"native-gameplay-api"	"call-contract-inventoried"	"message channel and dialog contract"	"server"	"no"	"message/dialog UI protocol"
"WorldBossDeath"	"instance-world-event-map"	"9"	"28"	"28"	"0"	"28"	"not_in_current_engine_or_project"	"native-gameplay-api"	"call-contract-inventoried"	"instance/world-event/mission registry"	"server instance/world"	"world events only"	"instance/world event sync"
"GetYMD"	"runtime-time-global-helper"	"1"	"27"	"31"	"0"	"27"	"not_in_current_engine_or_project"	"native-gameplay-api"	"call-contract-inventoried"	"Lua 4.0 runtime and bounded global-value registry"	"runtime/server"	"global values only"	"none"
"GetPlayerType"	"player-progression-relation-title"	"3"	"27"	"36"	"0"	"27"	"not_in_current_engine_or_project"	"native-gameplay-api"	"call-contract-inventoried"	"VNG player progression/relation/title schema"	"server player"	"role/relationship state"	"F3/title/attribute sync"
"AddEventItem"	"item-inventory-equipment"	"2"	"25"	"50"	"1"	"24"	"not_in_current_engine_or_project"	"native-gameplay-api"	"data-contract-recovered"	"settings/item/001 plus verified EventItem/Treasure registries"	"server inventory"	"role inventory"	"inventory/equipment sync"
"ClearItem"	"item-inventory-equipment"	"2"	"23"	"37"	"0"	"23"	"not_in_current_engine_or_project"	"native-gameplay-api"	"call-contract-inventoried"	"settings/item/001 plus verified EventItem/Treasure registries"	"server inventory"	"role inventory"	"inventory/equipment sync"
"SearchPlayerById"	"player-lookup-session"	"1"	"21"	"29"	"0"	"21"	"not_in_current_engine_or_project"	"native-gameplay-api"	"call-contract-inventoried"	"bounded player/session/subworld index contract"	"server world"	"no"	"none"
"MsgBox"	"message-dialog-ui"	"1"	"21"	"38"	"0"	"21"	"not_in_current_engine_or_project"	"native-gameplay-api"	"call-contract-inventoried"	"message channel and dialog contract"	"server"	"no"	"message/dialog UI protocol"
"GetIBBuffTimes"	"ibbuff-player-npc"	"4"	"20"	"22"	"0"	"20"	"not_in_current_engine_or_project"	"native-gameplay-api"	"data-contract-recovered"	"VNG IBBuff registry, stacking and duration rules"	"server buff manager"	"player buffs"	"buff state/icon/timer sync"
"Msg2CurMapAnnounce"	"message-dialog-ui"	"1"	"20"	"34"	"0"	"20"	"not_in_current_engine_or_project"	"native-gameplay-api"	"call-contract-inventoried"	"message channel and dialog contract"	"server"	"no"	"message/dialog UI protocol"
"GetIBBuffLeftTimes"	"ibbuff-player-npc"	"4"	"19"	"20"	"0"	"19"	"not_in_current_engine_or_project"	"native-gameplay-api"	"data-contract-recovered"	"VNG IBBuff registry, stacking and duration rules"	"server buff manager"	"player buffs"	"buff state/icon/timer sync"
"FinishNpcCollection"	"task-quest-note"	"5"	"19"	"23"	"0"	"19"	"not_in_current_engine_or_project"	"native-gameplay-api"	"call-contract-inventoried"	"VNG task-note templates and task state schema"	"server task manager"	"role task state"	"task journal and NPC marker sync"
"HaveEventItem"	"item-inventory-equipment"	"2"	"18"	"29"	"0"	"18"	"not_in_current_engine_or_project"	"native-gameplay-api"	"data-contract-recovered"	"settings/item/001 plus verified EventItem/Treasure registries"	"server inventory"	"role inventory"	"inventory/equipment sync"
"IsTongMember"	"tong-city-siege"	"8"	"15"	"17"	"0"	"15"	"not_in_current_engine_or_project"	"native-gameplay-api"	"call-contract-inventoried"	"VNG Tong/city/siege registries"	"server Tong/city"	"Tong/city ownership"	"Tong/city/siege sync"
"SayTask"	"task-quest-note"	"5"	"15"	"15"	"0"	"15"	"not_in_current_engine_or_project"	"native-gameplay-api"	"call-contract-inventoried"	"VNG task-note templates and task state schema"	"server task manager"	"role task state"	"task journal and NPC marker sync"
"NpcPolyMorph"	"npc-ai-creature-trap-totem"	"7"	"14"	"22"	"0"	"14"	"not_in_current_engine_or_project"	"native-gameplay-api"	"call-contract-inventoried"	"VNG HardNpc/AI/trap/totem/creature contracts"	"server NPC/world"	"runtime lifetime"	"NPC/morph/effect sync"
"DelNormalItem"	"item-inventory-equipment"	"2"	"13"	"15"	"0"	"13"	"project_global_candidate"	"project-global-or-native-contract"	"call-contract-inventoried"	"settings/item/001 plus verified EventItem/Treasure registries"	"server inventory"	"role inventory"	"inventory/equipment sync"
"GetIBBuffCount"	"ibbuff-player-npc"	"4"	"12"	"19"	"0"	"12"	"not_in_current_engine_or_project"	"native-gameplay-api"	"data-contract-recovered"	"VNG IBBuff registry, stacking and duration rules"	"server buff manager"	"player buffs"	"buff state/icon/timer sync"
"SetAIScript"	"npc-ai-creature-trap-totem"	"7"	"11"	"11"	"1"	"10"	"not_in_current_engine_or_project"	"native-gameplay-api"	"data-contract-recovered"	"VNG HardNpc/AI/trap/totem/creature contracts"	"server NPC/world"	"runtime lifetime"	"NPC/morph/effect sync"
"IsMantlePrentice"	"player-progression-relation-title"	"3"	"10"	"27"	"0"	"10"	"not_in_current_engine_or_project"	"native-gameplay-api"	"call-contract-inventoried"	"VNG player progression/relation/title schema"	"server player"	"role/relationship state"	"F3/title/attribute sync"
"SetPlayerTaskState"	"task-quest-note"	"5"	"10"	"10"	"0"	"10"	"not_in_current_engine_or_project"	"native-gameplay-api"	"call-contract-inventoried"	"VNG task-note templates and task state schema"	"server task manager"	"role task state"	"task journal and NPC marker sync"
"GetHMS"	"runtime-time-global-helper"	"1"	"9"	"11"	"0"	"9"	"not_in_current_engine_or_project"	"native-gameplay-api"	"call-contract-inventoried"	"Lua 4.0 runtime and bounded global-value registry"	"runtime/server"	"global values only"	"none"
"IsPlayerInsideWeapon"	"player-progression-relation-title"	"3"	"9"	"11"	"0"	"9"	"not_in_current_engine_or_project"	"native-gameplay-api"	"call-contract-inventoried"	"VNG player progression/relation/title schema"	"server player"	"role/relationship state"	"F3/title/attribute sync"
"SetNpcCamp"	"npc-ai-creature-trap-totem"	"7"	"9"	"10"	"0"	"9"	"not_in_current_engine_or_project"	"native-gameplay-api"	"call-contract-inventoried"	"VNG HardNpc/AI/trap/totem/creature contracts"	"server NPC/world"	"runtime lifetime"	"NPC/morph/effect sync"
"AddNormalItemBind"	"item-inventory-equipment"	"2"	"8"	"9"	"0"	"8"	"project_global_candidate"	"project-global-or-native-contract"	"call-contract-inventoried"	"settings/item/001 plus verified EventItem/Treasure registries"	"server inventory"	"role inventory"	"inventory/equipment sync"
"SetGuardLevel"	"npc-ai-creature-trap-totem"	"7"	"8"	"8"	"0"	"8"	"not_in_current_engine_or_project"	"native-gameplay-api"	"call-contract-inventoried"	"VNG HardNpc/AI/trap/totem/creature contracts"	"server NPC/world"	"runtime lifetime"	"NPC/morph/effect sync"
"Msg2TongMember"	"tong-city-siege"	"8"	"8"	"10"	"0"	"8"	"not_in_current_engine_or_project"	"native-gameplay-api"	"call-contract-inventoried"	"VNG Tong/city/siege registries"	"server Tong/city"	"Tong/city ownership"	"Tong/city/siege sync"
"TeamAction"	"team"	"3"	"8"	"17"	"0"	"8"	"not_in_current_engine_or_project"	"native-gameplay-api"	"call-contract-inventoried"	"team membership and team-task schema"	"server team"	"team lifetime"	"team state sync"
"AddTotemNpc"	"npc-ai-creature-trap-totem"	"7"	"8"	"8"	"1"	"7"	"not_in_current_engine_or_project"	"native-gameplay-api"	"data-contract-recovered"	"VNG HardNpc/AI/trap/totem/creature contracts"	"server NPC/world"	"runtime lifetime"	"NPC/morph/effect sync"
"AddMyTrap"	"npc-ai-creature-trap-totem"	"7"	"8"	"8"	"8"	"0"	"not_in_current_engine_or_project"	"native-gameplay-api"	"data-contract-recovered"	"VNG HardNpc/AI/trap/totem/creature contracts"	"server NPC/world"	"runtime lifetime"	"NPC/morph/effect sync"
"GetSubWorldPlayerIdxByNum"	"player-lookup-session"	"1"	"7"	"8"	"0"	"7"	"not_in_current_engine_or_project"	"native-gameplay-api"	"call-contract-inventoried"	"bounded player/session/subworld index contract"	"server world"	"no"	"none"
"GetSubWorldPlayerCount"	"player-lookup-session"	"1"	"7"	"8"	"0"	"7"	"not_in_current_engine_or_project"	"native-gameplay-api"	"call-contract-inventoried"	"bounded player/session/subworld index contract"	"server world"	"no"	"none"
"NpcSay"	"message-dialog-ui"	"1"	"7"	"7"	"0"	"7"	"not_in_current_engine_or_project"	"native-gameplay-api"	"call-contract-inventoried"	"message channel and dialog contract"	"server"	"no"	"message/dialog UI protocol"
"GetMorphType"	"npc-ai-creature-trap-totem"	"7"	"7"	"12"	"0"	"7"	"not_in_current_engine_or_project"	"native-gameplay-api"	"call-contract-inventoried"	"VNG HardNpc/AI/trap/totem/creature contracts"	"server NPC/world"	"runtime lifetime"	"NPC/morph/effect sync"
"NpcRemoveIBBuff"	"ibbuff-player-npc"	"4"	"7"	"7"	"0"	"7"	"not_in_current_engine_or_project"	"native-gameplay-api"	"data-contract-recovered"	"VNG IBBuff registry, stacking and duration rules"	"server buff manager"	"player buffs"	"buff state/icon/timer sync"
"IsMasterPRRelation"	"player-progression-relation-title"	"3"	"7"	"7"	"0"	"7"	"not_in_current_engine_or_project"	"native-gameplay-api"	"call-contract-inventoried"	"VNG player progression/relation/title schema"	"server player"	"role/relationship state"	"F3/title/attribute sync"
"pcall"	"runtime-time-global-helper"	"1"	"7"	"7"	"0"	"7"	"not_in_current_engine_or_project"	"lua4-runtime-helper"	"call-contract-inventoried"	"Lua 4.0 runtime and bounded global-value registry"	"runtime/server"	"global values only"	"none"
"HaveItemInAllRoom"	"item-inventory-equipment"	"2"	"7"	"9"	"0"	"7"	"not_in_current_engine_or_project"	"native-gameplay-api"	"call-contract-inventoried"	"settings/item/001 plus verified EventItem/Treasure registries"	"server inventory"	"role inventory"	"inventory/equipment sync"
"IsMantleMaster"	"player-progression-relation-title"	"3"	"7"	"14"	"0"	"7"	"not_in_current_engine_or_project"	"native-gameplay-api"	"call-contract-inventoried"	"VNG player progression/relation/title schema"	"server player"	"role/relationship state"	"F3/title/attribute sync"
"GetMantleMasterName"	"player-progression-relation-title"	"3"	"7"	"10"	"0"	"7"	"not_in_current_engine_or_project"	"native-gameplay-api"	"call-contract-inventoried"	"VNG player progression/relation/title schema"	"server player"	"role/relationship state"	"F3/title/attribute sync"
"SetMateTask"	"task-quest-note"	"5"	"7"	"14"	"0"	"7"	"not_in_current_engine_or_project"	"native-gameplay-api"	"call-contract-inventoried"	"VNG task-note templates and task state schema"	"server task manager"	"role task state"	"task journal and NPC marker sync"
"SetNpcTarget"	"npc-ai-creature-trap-totem"	"7"	"7"	"37"	"0"	"7"	"not_in_current_engine_or_project"	"native-gameplay-api"	"call-contract-inventoried"	"VNG HardNpc/AI/trap/totem/creature contracts"	"server NPC/world"	"runtime lifetime"	"NPC/morph/effect sync"
"GetPlayerIndexByName"	"player-lookup-session"	"1"	"7"	"8"	"0"	"7"	"not_in_current_engine_or_project"	"native-gameplay-api"	"call-contract-inventoried"	"bounded player/session/subworld index contract"	"server world"	"no"	"none"
"SetInstanceTempValue"	"instance-world-event-map"	"9"	"6"	"15"	"0"	"6"	"not_in_current_engine_or_project"	"native-gameplay-api"	"call-contract-inventoried"	"instance/world-event/mission registry"	"server instance/world"	"world events only"	"instance/world event sync"
"InstanceMsg2All"	"instance-world-event-map"	"9"	"6"	"9"	"0"	"6"	"not_in_current_engine_or_project"	"native-gameplay-api"	"call-contract-inventoried"	"instance/world-event/mission registry"	"server instance/world"	"world events only"	"instance/world event sync"
"GetFirstPlayerInAll"	"player-lookup-session"	"1"	"6"	"6"	"0"	"6"	"not_in_current_engine_or_project"	"native-gameplay-api"	"call-contract-inventoried"	"bounded player/session/subworld index contract"	"server world"	"no"	"none"
"Msg2TongMemberByTongName"	"tong-city-siege"	"8"	"6"	"13"	"0"	"6"	"not_in_current_engine_or_project"	"native-gameplay-api"	"call-contract-inventoried"	"VNG Tong/city/siege registries"	"server Tong/city"	"Tong/city ownership"	"Tong/city/siege sync"
"GetBoxSize"	"item-inventory-equipment"	"2"	"6"	"6"	"0"	"6"	"not_in_current_engine_or_project"	"native-gameplay-api"	"call-contract-inventoried"	"settings/item/001 plus verified EventItem/Treasure registries"	"server inventory"	"role inventory"	"inventory/equipment sync"
"MonsterOnDeath"	"instance-world-event-map"	"9"	"6"	"12"	"0"	"6"	"not_in_current_engine_or_project"	"native-gameplay-api"	"call-contract-inventoried"	"instance/world-event/mission registry"	"server instance/world"	"world events only"	"instance/world event sync"
"PlayerInOrOut"	"instance-world-event-map"	"9"	"6"	"16"	"0"	"6"	"not_in_current_engine_or_project"	"native-gameplay-api"	"call-contract-inventoried"	"instance/world-event/mission registry"	"server instance/world"	"world events only"	"instance/world event sync"
"SetSubTask"	"task-quest-note"	"5"	"6"	"7"	"0"	"6"	"not_in_current_engine_or_project"	"native-gameplay-api"	"call-contract-inventoried"	"VNG task-note templates and task state schema"	"server task manager"	"role task state"	"task journal and NPC marker sync"
"IsOwnerCity"	"tong-city-siege"	"8"	"5"	"5"	"0"	"5"	"not_in_current_engine_or_project"	"native-gameplay-api"	"call-contract-inventoried"	"VNG Tong/city/siege registries"	"server Tong/city"	"Tong/city ownership"	"Tong/city/siege sync"
"GetNextPlayerInAll"	"player-lookup-session"	"1"	"5"	"5"	"0"	"5"	"not_in_current_engine_or_project"	"native-gameplay-api"	"call-contract-inventoried"	"bounded player/session/subworld index contract"	"server world"	"no"	"none"
"GetCityInfo"	"tong-city-siege"	"8"	"5"	"5"	"0"	"5"	"not_in_current_engine_or_project"	"native-gameplay-api"	"call-contract-inventoried"	"VNG Tong/city/siege registries"	"server Tong/city"	"Tong/city ownership"	"Tong/city/siege sync"
"PolyMorph"	"npc-ai-creature-trap-totem"	"7"	"5"	"8"	"0"	"5"	"not_in_current_engine_or_project"	"native-gameplay-api"	"call-contract-inventoried"	"VNG HardNpc/AI/trap/totem/creature contracts"	"server NPC/world"	"runtime lifetime"	"NPC/morph/effect sync"
"NewSiegeWeapon"	"tong-city-siege"	"8"	"5"	"10"	"0"	"5"	"not_in_current_engine_or_project"	"native-gameplay-api"	"call-contract-inventoried"	"VNG Tong/city/siege registries"	"server Tong/city"	"Tong/city ownership"	"Tong/city/siege sync"
"GetSiegeWeaponNpcIndex"	"tong-city-siege"	"8"	"5"	"10"	"0"	"5"	"not_in_current_engine_or_project"	"native-gameplay-api"	"call-contract-inventoried"	"VNG Tong/city/siege registries"	"server Tong/city"	"Tong/city ownership"	"Tong/city/siege sync"
"GetCreatureInfo"	"npc-ai-creature-trap-totem"	"7"	"5"	"5"	"0"	"5"	"not_in_current_engine_or_project"	"native-gameplay-api"	"call-contract-inventoried"	"VNG HardNpc/AI/trap/totem/creature contracts"	"server NPC/world"	"runtime lifetime"	"NPC/morph/effect sync"
"SetCreatureType"	"npc-ai-creature-trap-totem"	"7"	"5"	"5"	"0"	"5"	"not_in_current_engine_or_project"	"native-gameplay-api"	"call-contract-inventoried"	"VNG HardNpc/AI/trap/totem/creature contracts"	"server NPC/world"	"runtime lifetime"	"NPC/morph/effect sync"
"GetGameServerName"	"runtime-time-global-helper"	"1"	"4"	"6"	"0"	"4"	"not_in_current_engine_or_project"	"native-gameplay-api"	"call-contract-inventoried"	"Lua 4.0 runtime and bounded global-value registry"	"runtime/server"	"global values only"	"none"
"HaveEventItemCount"	"item-inventory-equipment"	"2"	"4"	"5"	"0"	"4"	"not_in_current_engine_or_project"	"native-gameplay-api"	"data-contract-recovered"	"settings/item/001 plus verified EventItem/Treasure registries"	"server inventory"	"role inventory"	"inventory/equipment sync"
"IsPlayerInDeath"	"player-progression-relation-title"	"3"	"4"	"4"	"0"	"4"	"not_in_current_engine_or_project"	"native-gameplay-api"	"call-contract-inventoried"	"VNG player progression/relation/title schema"	"server player"	"role/relationship state"	"F3/title/attribute sync"
"GetTongIDByName"	"tong-city-siege"	"8"	"4"	"4"	"0"	"4"	"not_in_current_engine_or_project"	"native-gameplay-api"	"call-contract-inventoried"	"VNG Tong/city/siege registries"	"server Tong/city"	"Tong/city ownership"	"Tong/city/siege sync"
"DelNpcTimer"	"npc-ai-creature-trap-totem"	"7"	"4"	"6"	"0"	"4"	"not_in_current_engine_or_project"	"native-gameplay-api"	"call-contract-inventoried"	"VNG HardNpc/AI/trap/totem/creature contracts"	"server NPC/world"	"runtime lifetime"	"NPC/morph/effect sync"
"CancelNpcBelonger"	"npc-ai-creature-trap-totem"	"7"	"4"	"4"	"0"	"4"	"not_in_current_engine_or_project"	"native-gameplay-api"	"call-contract-inventoried"	"VNG HardNpc/AI/trap/totem/creature contracts"	"server NPC/world"	"runtime lifetime"	"NPC/morph/effect sync"
"AddHelpScore"	"player-progression-relation-title"	"3"	"4"	"6"	"0"	"4"	"not_in_current_engine_or_project"	"native-gameplay-api"	"call-contract-inventoried"	"VNG player progression/relation/title schema"	"server player"	"role/relationship state"	"F3/title/attribute sync"
"AddEvent"	"instance-world-event-map"	"9"	"4"	"6"	"0"	"4"	"not_in_current_engine_or_project"	"native-gameplay-api"	"call-contract-inventoried"	"instance/world-event/mission registry"	"server instance/world"	"world events only"	"instance/world event sync"
"GetGlobalValueByte"	"runtime-time-global-helper"	"1"	"4"	"6"	"0"	"4"	"not_in_current_engine_or_project"	"native-gameplay-api"	"call-contract-inventoried"	"Lua 4.0 runtime and bounded global-value registry"	"runtime/server"	"global values only"	"none"
"SetGlobalValueByte"	"runtime-time-global-helper"	"1"	"4"	"7"	"0"	"4"	"not_in_current_engine_or_project"	"native-gameplay-api"	"call-contract-inventoried"	"Lua 4.0 runtime and bounded global-value registry"	"runtime/server"	"global values only"	"none"
"BeginMotion"	"npc-ai-creature-trap-totem"	"7"	"4"	"7"	"0"	"4"	"not_in_current_engine_or_project"	"native-gameplay-api"	"call-contract-inventoried"	"VNG HardNpc/AI/trap/totem/creature contracts"	"server NPC/world"	"runtime lifetime"	"NPC/morph/effect sync"
"GetTeamTask"	"team"	"3"	"4"	"12"	"0"	"4"	"not_in_current_engine_or_project"	"native-gameplay-api"	"call-contract-inventoried"	"team membership and team-task schema"	"server team"	"team lifetime"	"team state sync"
"GetSiegeWeaponPlayerCount"	"tong-city-siege"	"8"	"4"	"8"	"0"	"4"	"not_in_current_engine_or_project"	"native-gameplay-api"	"call-contract-inventoried"	"VNG Tong/city/siege registries"	"server Tong/city"	"Tong/city ownership"	"Tong/city/siege sync"
"SetTeamTask"	"team"	"3"	"4"	"14"	"0"	"4"	"not_in_current_engine_or_project"	"native-gameplay-api"	"call-contract-inventoried"	"team membership and team-task schema"	"server team"	"team lifetime"	"team state sync"
"AddOwnExtendExp"	"player-progression-relation-title"	"3"	"4"	"8"	"0"	"4"	"not_in_current_engine_or_project"	"native-gameplay-api"	"call-contract-inventoried"	"VNG player progression/relation/title schema"	"server player"	"role/relationship state"	"F3/title/attribute sync"
"GetBossTargetPlayer"	"npc-ai-creature-trap-totem"	"7"	"4"	"4"	"0"	"4"	"not_in_current_engine_or_project"	"native-gameplay-api"	"call-contract-inventoried"	"VNG HardNpc/AI/trap/totem/creature contracts"	"server NPC/world"	"runtime lifetime"	"NPC/morph/effect sync"
"GetInstanceActiveInfo"	"instance-world-event-map"	"9"	"3"	"3"	"0"	"3"	"not_in_current_engine_or_project"	"native-gameplay-api"	"call-contract-inventoried"	"instance/world-event/mission registry"	"server instance/world"	"world events only"	"instance/world event sync"
"GetInstanceBaseInfo"	"instance-world-event-map"	"9"	"3"	"3"	"0"	"3"	"not_in_current_engine_or_project"	"native-gameplay-api"	"call-contract-inventoried"	"instance/world-event/mission registry"	"server instance/world"	"world events only"	"instance/world event sync"
"GetInstanceTempValue"	"instance-world-event-map"	"9"	"3"	"6"	"0"	"3"	"not_in_current_engine_or_project"	"native-gameplay-api"	"call-contract-inventoried"	"instance/world-event/mission registry"	"server instance/world"	"world events only"	"instance/world event sync"
"GetNpcPolyMorph"	"npc-ai-creature-trap-totem"	"7"	"3"	"4"	"0"	"3"	"not_in_current_engine_or_project"	"native-gameplay-api"	"call-contract-inventoried"	"VNG HardNpc/AI/trap/totem/creature contracts"	"server NPC/world"	"runtime lifetime"	"NPC/morph/effect sync"
"SetEffectNpc"	"npc-ai-creature-trap-totem"	"7"	"3"	"6"	"0"	"3"	"not_in_current_engine_or_project"	"native-gameplay-api"	"call-contract-inventoried"	"VNG HardNpc/AI/trap/totem/creature contracts"	"server NPC/world"	"runtime lifetime"	"NPC/morph/effect sync"
"SetEffectNpcCount"	"npc-ai-creature-trap-totem"	"7"	"3"	"3"	"0"	"3"	"not_in_current_engine_or_project"	"native-gameplay-api"	"call-contract-inventoried"	"VNG HardNpc/AI/trap/totem/creature contracts"	"server NPC/world"	"runtime lifetime"	"NPC/morph/effect sync"
"NpcHaveIBBuff"	"ibbuff-player-npc"	"4"	"3"	"3"	"0"	"3"	"not_in_current_engine_or_project"	"native-gameplay-api"	"data-contract-recovered"	"VNG IBBuff registry, stacking and duration rules"	"server buff manager"	"player buffs"	"buff state/icon/timer sync"
"GetFreeNpcCount"	"npc-ai-creature-trap-totem"	"7"	"3"	"3"	"0"	"3"	"not_in_current_engine_or_project"	"native-gameplay-api"	"call-contract-inventoried"	"VNG HardNpc/AI/trap/totem/creature contracts"	"server NPC/world"	"runtime lifetime"	"NPC/morph/effect sync"
"HaveEffectNpc"	"npc-ai-creature-trap-totem"	"7"	"3"	"3"	"0"	"3"	"not_in_current_engine_or_project"	"native-gameplay-api"	"call-contract-inventoried"	"VNG HardNpc/AI/trap/totem/creature contracts"	"server NPC/world"	"runtime lifetime"	"NPC/morph/effect sync"
"ClearEffectNpc"	"npc-ai-creature-trap-totem"	"7"	"3"	"3"	"0"	"3"	"not_in_current_engine_or_project"	"native-gameplay-api"	"call-contract-inventoried"	"VNG HardNpc/AI/trap/totem/creature contracts"	"server NPC/world"	"runtime lifetime"	"NPC/morph/effect sync"
"ModifyEffectNpc"	"npc-ai-creature-trap-totem"	"7"	"3"	"6"	"0"	"3"	"not_in_current_engine_or_project"	"native-gameplay-api"	"call-contract-inventoried"	"VNG HardNpc/AI/trap/totem/creature contracts"	"server NPC/world"	"runtime lifetime"	"NPC/morph/effect sync"
"ActiveTitleQualify"	"player-progression-relation-title"	"3"	"3"	"4"	"0"	"3"	"not_in_current_engine_or_project"	"native-gameplay-api"	"call-contract-inventoried"	"VNG player progression/relation/title schema"	"server player"	"role/relationship state"	"F3/title/attribute sync"
"SetCurTitle"	"player-progression-relation-title"	"3"	"3"	"4"	"0"	"3"	"not_in_current_engine_or_project"	"native-gameplay-api"	"call-contract-inventoried"	"VNG player progression/relation/title schema"	"server player"	"role/relationship state"	"F3/title/attribute sync"
"GetMasterPlayerIndex"	"player-progression-relation-title"	"3"	"3"	"3"	"0"	"3"	"not_in_current_engine_or_project"	"native-gameplay-api"	"call-contract-inventoried"	"VNG player progression/relation/title schema"	"server player"	"role/relationship state"	"F3/title/attribute sync"
"RefreshAllNpcTask"	"task-quest-note"	"5"	"3"	"3"	"0"	"3"	"not_in_current_engine_or_project"	"native-gameplay-api"	"call-contract-inventoried"	"VNG task-note templates and task state schema"	"server task manager"	"role task state"	"task journal and NPC marker sync"
"IsNewBirthComplete"	"task-quest-note"	"5"	"3"	"7"	"0"	"3"	"not_in_current_engine_or_project"	"native-gameplay-api"	"call-contract-inventoried"	"VNG task-note templates and task state schema"	"server task manager"	"role task state"	"task journal and NPC marker sync"
"ChangeJusticEvilCredit"	"player-progression-relation-title"	"3"	"3"	"21"	"0"	"3"	"not_in_current_engine_or_project"	"native-gameplay-api"	"call-contract-inventoried"	"VNG player progression/relation/title schema"	"server player"	"role/relationship state"	"F3/title/attribute sync"
"IsJEMainTaskComplete"	"task-quest-note"	"5"	"3"	"10"	"0"	"3"	"not_in_current_engine_or_project"	"native-gameplay-api"	"call-contract-inventoried"	"VNG task-note templates and task state schema"	"server task manager"	"role task state"	"task journal and NPC marker sync"
"GetIPValue"	"runtime-time-global-helper"	"1"	"3"	"6"	"0"	"3"	"not_in_current_engine_or_project"	"native-gameplay-api"	"call-contract-inventoried"	"Lua 4.0 runtime and bounded global-value registry"	"runtime/server"	"global values only"	"none"
"GetCityInfoByID"	"tong-city-siege"	"8"	"3"	"4"	"0"	"3"	"not_in_current_engine_or_project"	"native-gameplay-api"	"call-contract-inventoried"	"VNG Tong/city/siege registries"	"server Tong/city"	"Tong/city ownership"	"Tong/city/siege sync"
"GetNpcMapCityID"	"tong-city-siege"	"8"	"3"	"4"	"0"	"3"	"not_in_current_engine_or_project"	"native-gameplay-api"	"call-contract-inventoried"	"VNG Tong/city/siege registries"	"server Tong/city"	"Tong/city ownership"	"Tong/city/siege sync"
"SetMissionV"	"instance-world-event-map"	"9"	"3"	"3"	"0"	"3"	"not_in_current_engine_or_project"	"native-gameplay-api"	"call-contract-inventoried"	"instance/world-event/mission registry"	"server instance/world"	"world events only"	"instance/world event sync"
"CaptureNpc"	"npc-ai-creature-trap-totem"	"7"	"3"	"3"	"0"	"3"	"not_in_current_engine_or_project"	"native-gameplay-api"	"call-contract-inventoried"	"VNG HardNpc/AI/trap/totem/creature contracts"	"server NPC/world"	"runtime lifetime"	"NPC/morph/effect sync"
"GetWorldEventValue"	"instance-world-event-map"	"9"	"3"	"14"	"0"	"3"	"not_in_current_engine_or_project"	"native-gameplay-api"	"call-contract-inventoried"	"instance/world-event/mission registry"	"server instance/world"	"world events only"	"instance/world event sync"
"GetTGuardInfo"	"tong-city-siege"	"8"	"3"	"3"	"0"	"3"	"not_in_current_engine_or_project"	"native-gameplay-api"	"call-contract-inventoried"	"VNG Tong/city/siege registries"	"server Tong/city"	"Tong/city ownership"	"Tong/city/siege sync"
"GetLiveSkillLevel"	"skill-combat-action"	"6"	"3"	"3"	"0"	"3"	"not_in_current_engine_or_project"	"native-gameplay-api"	"call-contract-inventoried"	"VNG skill and event-skill registries"	"server skill/combat"	"learned skill state"	"skill bar/action sync"
"BeginLvSkill"	"skill-combat-action"	"6"	"3"	"6"	"0"	"3"	"not_in_current_engine_or_project"	"native-gameplay-api"	"call-contract-inventoried"	"VNG skill and event-skill registries"	"server skill/combat"	"learned skill state"	"skill bar/action sync"
"IsEquipItem"	"item-inventory-equipment"	"2"	"3"	"30"	"0"	"3"	"not_in_current_engine_or_project"	"native-gameplay-api"	"call-contract-inventoried"	"settings/item/001 plus verified EventItem/Treasure registries"	"server inventory"	"role inventory"	"inventory/equipment sync"
"AbradeEquip"	"item-inventory-equipment"	"2"	"3"	"3"	"0"	"3"	"not_in_current_engine_or_project"	"native-gameplay-api"	"call-contract-inventoried"	"settings/item/001 plus verified EventItem/Treasure registries"	"server inventory"	"role inventory"	"inventory/equipment sync"
"DoSkillAction"	"skill-combat-action"	"6"	"3"	"6"	"0"	"3"	"not_in_current_engine_or_project"	"native-gameplay-api"	"call-contract-inventoried"	"VNG skill and event-skill registries"	"server skill/combat"	"learned skill state"	"skill bar/action sync"
"GetSessionNextPlayer"	"player-lookup-session"	"1"	"2"	"2"	"0"	"2"	"not_in_current_engine_or_project"	"native-gameplay-api"	"call-contract-inventoried"	"bounded player/session/subworld index contract"	"server world"	"no"	"none"
"GetIBBuffLevel"	"ibbuff-player-npc"	"4"	"2"	"4"	"0"	"2"	"not_in_current_engine_or_project"	"native-gameplay-api"	"data-contract-recovered"	"VNG IBBuff registry, stacking and duration rules"	"server buff manager"	"player buffs"	"buff state/icon/timer sync"
"GetExploitLevel"	"player-progression-relation-title"	"3"	"2"	"2"	"0"	"2"	"not_in_current_engine_or_project"	"native-gameplay-api"	"call-contract-inventoried"	"VNG player progression/relation/title schema"	"server player"	"role/relationship state"	"F3/title/attribute sync"
"NpcAddIBBuff"	"ibbuff-player-npc"	"4"	"2"	"2"	"0"	"2"	"not_in_current_engine_or_project"	"native-gameplay-api"	"data-contract-recovered"	"VNG IBBuff registry, stacking and duration rules"	"server buff manager"	"player buffs"	"buff state/icon/timer sync"
"ActiveTitleFunc"	"player-progression-relation-title"	"3"	"2"	"2"	"0"	"2"	"not_in_current_engine_or_project"	"native-gameplay-api"	"call-contract-inventoried"	"VNG player progression/relation/title schema"	"server player"	"role/relationship state"	"F3/title/attribute sync"
"GetCityTaskByID"	"tong-city-siege"	"8"	"2"	"6"	"0"	"2"	"not_in_current_engine_or_project"	"native-gameplay-api"	"call-contract-inventoried"	"VNG Tong/city/siege registries"	"server Tong/city"	"Tong/city ownership"	"Tong/city/siege sync"
"GetPosterityType"	"player-progression-relation-title"	"3"	"2"	"2"	"0"	"2"	"not_in_current_engine_or_project"	"native-gameplay-api"	"call-contract-inventoried"	"VNG player progression/relation/title schema"	"server player"	"role/relationship state"	"F3/title/attribute sync"
"CallMonsterAttacker"	"npc-ai-creature-trap-totem"	"7"	"2"	"3"	"0"	"2"	"not_in_current_engine_or_project"	"native-gameplay-api"	"call-contract-inventoried"	"VNG HardNpc/AI/trap/totem/creature contracts"	"server NPC/world"	"runtime lifetime"	"NPC/morph/effect sync"
"Getskill_eventskilllevel"	"skill-combat-action"	"6"	"2"	"2"	"1"	"1"	"project_global_candidate"	"project-global-or-native-contract"	"data-contract-recovered"	"VNG skill and event-skill registries"	"server skill/combat"	"learned skill state"	"skill bar/action sync"
"DelEventItem"	"item-inventory-equipment"	"2"	"2"	"2"	"0"	"2"	"not_in_current_engine_or_project"	"native-gameplay-api"	"data-contract-recovered"	"settings/item/001 plus verified EventItem/Treasure registries"	"server inventory"	"role inventory"	"inventory/equipment sync"
"SetWorldEventValue"	"instance-world-event-map"	"9"	"2"	"9"	"0"	"2"	"not_in_current_engine_or_project"	"native-gameplay-api"	"call-contract-inventoried"	"instance/world-event/mission registry"	"server instance/world"	"world events only"	"instance/world event sync"
"DeleteSiegeWeapon"	"tong-city-siege"	"8"	"2"	"5"	"0"	"2"	"not_in_current_engine_or_project"	"native-gameplay-api"	"call-contract-inventoried"	"VNG Tong/city/siege registries"	"server Tong/city"	"Tong/city ownership"	"Tong/city/siege sync"
"GetTGuardIndexByCarriageIndex"	"tong-city-siege"	"8"	"2"	"2"	"0"	"2"	"not_in_current_engine_or_project"	"native-gameplay-api"	"call-contract-inventoried"	"VNG Tong/city/siege registries"	"server Tong/city"	"Tong/city ownership"	"Tong/city/siege sync"
"GetSiegeWeaponIndexByNpcIndex"	"tong-city-siege"	"8"	"2"	"4"	"0"	"2"	"not_in_current_engine_or_project"	"native-gameplay-api"	"call-contract-inventoried"	"VNG Tong/city/siege registries"	"server Tong/city"	"Tong/city ownership"	"Tong/city/siege sync"
"GetTGuardIndexByPlayerName"	"tong-city-siege"	"8"	"2"	"2"	"0"	"2"	"not_in_current_engine_or_project"	"native-gameplay-api"	"call-contract-inventoried"	"VNG Tong/city/siege registries"	"server Tong/city"	"Tong/city ownership"	"Tong/city/siege sync"
"GetNormalItemName"	"item-inventory-equipment"	"2"	"1"	"1"	"0"	"1"	"not_in_current_engine_or_project"	"native-gameplay-api"	"call-contract-inventoried"	"settings/item/001 plus verified EventItem/Treasure registries"	"server inventory"	"role inventory"	"inventory/equipment sync"
"GetWeekDay"	"runtime-time-global-helper"	"1"	"1"	"1"	"0"	"1"	"not_in_current_engine_or_project"	"native-gameplay-api"	"call-contract-inventoried"	"Lua 4.0 runtime and bounded global-value registry"	"runtime/server"	"global values only"	"none"
"CostIBBuff"	"ibbuff-player-npc"	"4"	"1"	"1"	"0"	"1"	"not_in_current_engine_or_project"	"native-gameplay-api"	"data-contract-recovered"	"VNG IBBuff registry, stacking and duration rules"	"server buff manager"	"player buffs"	"buff state/icon/timer sync"
"IsMarried"	"player-progression-relation-title"	"3"	"1"	"1"	"0"	"1"	"not_in_current_engine_or_project"	"native-gameplay-api"	"call-contract-inventoried"	"VNG player progression/relation/title schema"	"server player"	"role/relationship state"	"F3/title/attribute sync"
"GetDialogNpcName"	"message-dialog-ui"	"1"	"1"	"2"	"0"	"1"	"not_in_current_engine_or_project"	"native-gameplay-api"	"call-contract-inventoried"	"message channel and dialog contract"	"server"	"no"	"message/dialog UI protocol"
"ipairs"	"runtime-time-global-helper"	"1"	"1"	"1"	"0"	"1"	"not_in_current_engine_or_project"	"lua4-runtime-helper"	"call-contract-inventoried"	"Lua 4.0 runtime and bounded global-value registry"	"runtime/server"	"global values only"	"none"
"GetNpcBelonger"	"npc-ai-creature-trap-totem"	"7"	"1"	"1"	"0"	"1"	"not_in_current_engine_or_project"	"native-gameplay-api"	"call-contract-inventoried"	"VNG HardNpc/AI/trap/totem/creature contracts"	"server NPC/world"	"runtime lifetime"	"NPC/morph/effect sync"
"NewTaskNote"	"task-quest-note"	"5"	"1"	"2"	"0"	"1"	"not_in_current_engine_or_project"	"native-gameplay-api"	"data-contract-recovered"	"VNG task-note templates and task state schema"	"server task manager"	"role task state"	"task journal and NPC marker sync"
"GetExploit"	"player-progression-relation-title"	"3"	"1"	"2"	"0"	"1"	"not_in_current_engine_or_project"	"native-gameplay-api"	"call-contract-inventoried"	"VNG player progression/relation/title schema"	"server player"	"role/relationship state"	"F3/title/attribute sync"
"DelBuildingNpc"	"npc-ai-creature-trap-totem"	"7"	"1"	"1"	"0"	"1"	"not_in_current_engine_or_project"	"native-gameplay-api"	"call-contract-inventoried"	"VNG HardNpc/AI/trap/totem/creature contracts"	"server NPC/world"	"runtime lifetime"	"NPC/morph/effect sync"
"SetExploitV"	"player-progression-relation-title"	"3"	"1"	"2"	"0"	"1"	"not_in_current_engine_or_project"	"native-gameplay-api"	"call-contract-inventoried"	"VNG player progression/relation/title schema"	"server player"	"role/relationship state"	"F3/title/attribute sync"
"IsWarServer"	"runtime-time-global-helper"	"1"	"1"	"1"	"0"	"1"	"not_in_current_engine_or_project"	"native-gameplay-api"	"call-contract-inventoried"	"Lua 4.0 runtime and bounded global-value registry"	"runtime/server"	"global values only"	"none"
"ModifyUnionTongWarPowerByName"	"tong-city-siege"	"8"	"1"	"3"	"0"	"1"	"not_in_current_engine_or_project"	"native-gameplay-api"	"call-contract-inventoried"	"VNG Tong/city/siege registries"	"server Tong/city"	"Tong/city ownership"	"Tong/city/siege sync"
"GetTongTaskByID"	"tong-city-siege"	"8"	"1"	"5"	"0"	"1"	"not_in_current_engine_or_project"	"native-gameplay-api"	"call-contract-inventoried"	"VNG Tong/city/siege registries"	"server Tong/city"	"Tong/city ownership"	"Tong/city/siege sync"
"SetExploit"	"player-progression-relation-title"	"3"	"1"	"2"	"0"	"1"	"not_in_current_engine_or_project"	"native-gameplay-api"	"call-contract-inventoried"	"VNG player progression/relation/title schema"	"server player"	"role/relationship state"	"F3/title/attribute sync"
"GetUnionTongNameByPosterityType"	"tong-city-siege"	"8"	"1"	"4"	"0"	"1"	"not_in_current_engine_or_project"	"native-gameplay-api"	"call-contract-inventoried"	"VNG Tong/city/siege registries"	"server Tong/city"	"Tong/city ownership"	"Tong/city/siege sync"
"SetCityTaskByID"	"tong-city-siege"	"8"	"1"	"1"	"0"	"1"	"not_in_current_engine_or_project"	"native-gameplay-api"	"call-contract-inventoried"	"VNG Tong/city/siege registries"	"server Tong/city"	"Tong/city ownership"	"Tong/city/siege sync"
"DeleteSubWorldKindNpcs"	"instance-world-event-map"	"9"	"1"	"2"	"0"	"1"	"not_in_current_engine_or_project"	"native-gameplay-api"	"call-contract-inventoried"	"instance/world-event/mission registry"	"server instance/world"	"world events only"	"instance/world event sync"
"GetUnionTongIDByPosterityType"	"tong-city-siege"	"8"	"1"	"2"	"0"	"1"	"not_in_current_engine_or_project"	"native-gameplay-api"	"call-contract-inventoried"	"VNG Tong/city/siege registries"	"server Tong/city"	"Tong/city ownership"	"Tong/city/siege sync"
"GetExploitV"	"player-progression-relation-title"	"3"	"1"	"2"	"0"	"1"	"not_in_current_engine_or_project"	"native-gameplay-api"	"call-contract-inventoried"	"VNG player progression/relation/title schema"	"server player"	"role/relationship state"	"F3/title/attribute sync"
"GetHeavenCityUnion"	"tong-city-siege"	"8"	"1"	"1"	"0"	"1"	"not_in_current_engine_or_project"	"native-gameplay-api"	"call-contract-inventoried"	"VNG Tong/city/siege registries"	"server Tong/city"	"Tong/city ownership"	"Tong/city/siege sync"
"DelNormalItemInQuick"	"item-inventory-equipment"	"2"	"1"	"1"	"0"	"1"	"not_in_current_engine_or_project"	"native-gameplay-api"	"call-contract-inventoried"	"settings/item/001 plus verified EventItem/Treasure registries"	"server inventory"	"role inventory"	"inventory/equipment sync"
"GetNpcEnmityItem"	"npc-ai-creature-trap-totem"	"7"	"1"	"1"	"0"	"1"	"not_in_current_engine_or_project"	"native-gameplay-api"	"call-contract-inventoried"	"VNG HardNpc/AI/trap/totem/creature contracts"	"server NPC/world"	"runtime lifetime"	"NPC/morph/effect sync"
"GetGuardLevel"	"npc-ai-creature-trap-totem"	"7"	"1"	"1"	"0"	"1"	"not_in_current_engine_or_project"	"native-gameplay-api"	"call-contract-inventoried"	"VNG HardNpc/AI/trap/totem/creature contracts"	"server NPC/world"	"runtime lifetime"	"NPC/morph/effect sync"
"GetNpcEnmityCount"	"npc-ai-creature-trap-totem"	"7"	"1"	"1"	"0"	"1"	"not_in_current_engine_or_project"	"native-gameplay-api"	"call-contract-inventoried"	"VNG HardNpc/AI/trap/totem/creature contracts"	"server NPC/world"	"runtime lifetime"	"NPC/morph/effect sync"
"GetPlayerTarget"	"player-progression-relation-title"	"3"	"1"	"2"	"0"	"1"	"not_in_current_engine_or_project"	"native-gameplay-api"	"call-contract-inventoried"	"VNG player progression/relation/title schema"	"server player"	"role/relationship state"	"F3/title/attribute sync"
"SetBarrierState"	"instance-world-event-map"	"9"	"1"	"1"	"0"	"1"	"not_in_current_engine_or_project"	"native-gameplay-api"	"call-contract-inventoried"	"instance/world-event/mission registry"	"server instance/world"	"world events only"	"instance/world event sync"
"PlayerIndexToNpcIndex"	"player-lookup-session"	"1"	"1"	"1"	"0"	"1"	"not_in_current_engine_or_project"	"native-gameplay-api"	"call-contract-inventoried"	"bounded player/session/subworld index contract"	"server world"	"no"	"none"
"GetCityGateNpcIdxByNpc"	"tong-city-siege"	"8"	"1"	"2"	"0"	"1"	"not_in_current_engine_or_project"	"native-gameplay-api"	"call-contract-inventoried"	"VNG Tong/city/siege registries"	"server Tong/city"	"Tong/city ownership"	"Tong/city/siege sync"
"IsInMonsterAttackDay"	"tong-city-siege"	"8"	"1"	"5"	"0"	"1"	"not_in_current_engine_or_project"	"native-gameplay-api"	"call-contract-inventoried"	"VNG Tong/city/siege registries"	"server Tong/city"	"Tong/city ownership"	"Tong/city/siege sync"
"GetCityTotemNpcIdxByNpc"	"tong-city-siege"	"8"	"1"	"1"	"0"	"1"	"not_in_current_engine_or_project"	"native-gameplay-api"	"call-contract-inventoried"	"VNG Tong/city/siege registries"	"server Tong/city"	"Tong/city ownership"	"Tong/city/siege sync"
"JEMainTaskComplete"	"task-quest-note"	"5"	"1"	"1"	"0"	"1"	"not_in_current_engine_or_project"	"native-gameplay-api"	"call-contract-inventoried"	"VNG task-note templates and task state schema"	"server task manager"	"role task state"	"task journal and NPC marker sync"
"ApplyAssignedAttrib"	"player-progression-relation-title"	"3"	"1"	"1"	"0"	"1"	"not_in_current_engine_or_project"	"native-gameplay-api"	"call-contract-inventoried"	"VNG player progression/relation/title schema"	"server player"	"role/relationship state"	"F3/title/attribute sync"
"AddAssignedAttrib"	"player-progression-relation-title"	"3"	"1"	"2"	"0"	"1"	"not_in_current_engine_or_project"	"native-gameplay-api"	"call-contract-inventoried"	"VNG player progression/relation/title schema"	"server player"	"role/relationship state"	"F3/title/attribute sync"
"GetAssignedAttrib"	"player-progression-relation-title"	"3"	"1"	"1"	"0"	"1"	"not_in_current_engine_or_project"	"native-gameplay-api"	"call-contract-inventoried"	"VNG player progression/relation/title schema"	"server player"	"role/relationship state"	"F3/title/attribute sync"
"SetWorldEventProgress"	"instance-world-event-map"	"9"	"1"	"1"	"0"	"1"	"not_in_current_engine_or_project"	"native-gameplay-api"	"call-contract-inventoried"	"instance/world-event/mission registry"	"server instance/world"	"world events only"	"instance/world event sync"
"HaveQualify"	"player-progression-relation-title"	"3"	"1"	"2"	"0"	"1"	"not_in_current_engine_or_project"	"native-gameplay-api"	"call-contract-inventoried"	"VNG player progression/relation/title schema"	"server player"	"role/relationship state"	"F3/title/attribute sync"
"GetWorldEventProgress"	"instance-world-event-map"	"9"	"1"	"3"	"0"	"1"	"not_in_current_engine_or_project"	"native-gameplay-api"	"call-contract-inventoried"	"instance/world-event/mission registry"	"server instance/world"	"world events only"	"instance/world event sync"
"SetClientRightSkill"	"skill-combat-action"	"6"	"1"	"1"	"0"	"1"	"not_in_current_engine_or_project"	"native-gameplay-api"	"call-contract-inventoried"	"VNG skill and event-skill registries"	"server skill/combat"	"learned skill state"	"skill bar/action sync"
"TaskCheck"	"task-quest-note"	"5"	"1"	"1"	"0"	"1"	"not_in_current_engine_or_project"	"native-gameplay-api"	"call-contract-inventoried"	"VNG task-note templates and task state schema"	"server task manager"	"role task state"	"task journal and NPC marker sync"
"RemoveSpecialSkill"	"skill-combat-action"	"6"	"1"	"2"	"0"	"1"	"not_in_current_engine_or_project"	"native-gameplay-api"	"call-contract-inventoried"	"VNG skill and event-skill registries"	"server skill/combat"	"learned skill state"	"skill bar/action sync"
"SetClientLeftSkill"	"skill-combat-action"	"6"	"1"	"1"	"0"	"1"	"not_in_current_engine_or_project"	"native-gameplay-api"	"call-contract-inventoried"	"VNG skill and event-skill registries"	"server skill/combat"	"learned skill state"	"skill bar/action sync"
"GetNpcOwer"	"npc-ai-creature-trap-totem"	"7"	"1"	"2"	"0"	"1"	"not_in_current_engine_or_project"	"native-gameplay-api"	"call-contract-inventoried"	"VNG HardNpc/AI/trap/totem/creature contracts"	"server NPC/world"	"runtime lifetime"	"NPC/morph/effect sync"
"PetGetType"	"player-progression-relation-title"	"3"	"1"	"2"	"0"	"1"	"not_in_current_engine_or_project"	"native-gameplay-api"	"call-contract-inventoried"	"VNG player progression/relation/title schema"	"server player"	"role/relationship state"	"F3/title/attribute sync"
"SetTongTask"	"tong-city-siege"	"8"	"1"	"3"	"0"	"1"	"not_in_current_engine_or_project"	"native-gameplay-api"	"call-contract-inventoried"	"VNG Tong/city/siege registries"	"server Tong/city"	"Tong/city ownership"	"Tong/city/siege sync"
"AddTongRes"	"tong-city-siege"	"8"	"1"	"2"	"0"	"1"	"not_in_current_engine_or_project"	"native-gameplay-api"	"call-contract-inventoried"	"VNG Tong/city/siege registries"	"server Tong/city"	"Tong/city ownership"	"Tong/city/siege sync"
"GetTongTask"	"tong-city-siege"	"8"	"1"	"7"	"0"	"1"	"not_in_current_engine_or_project"	"native-gameplay-api"	"call-contract-inventoried"	"VNG Tong/city/siege registries"	"server Tong/city"	"Tong/city ownership"	"Tong/city/siege sync"
"GetCityName"	"tong-city-siege"	"8"	"1"	"1"	"0"	"1"	"not_in_current_engine_or_project"	"native-gameplay-api"	"call-contract-inventoried"	"VNG Tong/city/siege registries"	"server Tong/city"	"Tong/city ownership"	"Tong/city/siege sync"
"PlayerCastSkill"	"skill-combat-action"	"6"	"1"	"1"	"0"	"1"	"not_in_current_engine_or_project"	"native-gameplay-api"	"call-contract-inventoried"	"VNG skill and event-skill registries"	"server skill/combat"	"learned skill state"	"skill bar/action sync"
"SetGlobalValueWord"	"runtime-time-global-helper"	"1"	"1"	"5"	"0"	"1"	"not_in_current_engine_or_project"	"native-gameplay-api"	"call-contract-inventoried"	"Lua 4.0 runtime and bounded global-value registry"	"runtime/server"	"global values only"	"none"
"GetGlobalValueWord"	"runtime-time-global-helper"	"1"	"1"	"7"	"0"	"1"	"not_in_current_engine_or_project"	"native-gameplay-api"	"call-contract-inventoried"	"Lua 4.0 runtime and bounded global-value registry"	"runtime/server"	"global values only"	"none"
"InfoBox"	"message-dialog-ui"	"1"	"1"	"2"	"0"	"1"	"not_in_current_engine_or_project"	"native-gameplay-api"	"call-contract-inventoried"	"message channel and dialog contract"	"server"	"no"	"message/dialog UI protocol"
