logical_path	virtual_path	role	pair_path	policy	length	sha256
script\common\ren_jie_zhu_ti_ri.luax	\script\common\ren_jie_zhu_ti_ri.luax	server-script-module		vng-original		
script\common\ren_wu_zhui_zong.luax	\script\common\ren_wu_zhui_zong.luax	server-script-module		vng-original		
script\common\chong_ka_cu_xiao.luax	\script\common\chong_ka_cu_xiao.luax	server-script-module		vng-original		
script\common\xiong_shou_huo_dong.luax	\script\common\xiong_shou_huo_dong.luax	server-script-module		vng-original		
script\common\shi_zhou_nian_huo_dong.luax	\script\common\shi_zhou_nian_huo_dong.luax	server-script-module		vng-original		
script\common\shuang_11_huo_dong.luax	\script\common\shuang_11_huo_dong.luax	server-script-module		vng-original		
script\common\guo_jia_ren_qi.luax	\script\common\guo_jia_ren_qi.luax	server-script-module		vng-original		
script\common\shu_xing_ling_chong.luax	\script\common\shu_xing_ling_chong.luax	server-script-module		vng-original		
script\common\chang_yong_huo_dong.luax	\script\common\chang_yong_huo_dong.luax	server-script-module		vng-original		
script\common\bing_fu_huo_dong.luax	\script\common\bing_fu_huo_dong.luax	server-script-module		vng-original		
script\common\yin_liu_huo_dong_mo_ban.luax	\script\common\yin_liu_huo_dong_mo_ban.luax	server-script-module		vng-original		
script\common\xin_fu_huo_dong.luax	\script\common\xin_fu_huo_dong.luax	server-script-module		vng-original		
script\common\chun_jie_huo_dong_mo_ban.luax	\script\common\chun_jie_huo_dong_mo_ban.luax	server-script-module		vng-original		
script\common\mei_ci_xin_fu_huo_dong_shi_yong.luax	\script\common\mei_ci_xin_fu_huo_dong_shi_yong.luax	server-script-module		vng-original		
script\common\fa_bao_zhan_shen.luax	\script\common\fa_bao_zhan_shen.luax	server-script-module		vng-original		
script\common\huo_dong_mo_ban_hua.luax	\script\common\huo_dong_mo_ban_hua.luax	server-script-module		vng-original		
script\common\xuan_wu_shi_lian.luax	\script\common\xuan_wu_shi_lian.luax	server-script-module		vng-original		
script\common\jia_gu_wen_huo_dong.luax	\script\common\jia_gu_wen_huo_dong.luax	server-script-module		vng-original		
script\common\shen_jiang_xi_tong.luax	\script\common\shen_jiang_xi_tong.luax	server-script-module		vng-original		
script\common\ji_yuan_gu.luax	\script\common\ji_yuan_gu.luax	server-script-module		vng-original		
script\common\fu_li_huo_dong.luax	\script\common\fu_li_huo_dong.luax	server-script-module		vng-original		
script\common\fu_li_huo_dong_mo_ban.luax	\script\common\fu_li_huo_dong_mo_ban.luax	server-script-module		vng-original		
script\common\zi_liao_pian_lao_yong_hu_hui_liu.luax	\script\common\zi_liao_pian_lao_yong_hu_hui_liu.luax	server-script-module		vng-original		
script\common\kua_fu_zhan_chang.luax	\script\common\kua_fu_zhan_chang.luax	server-script-module		vng-original		
script\common\yun_ying_shu_ju_tong_ji.luax	\script\common\yun_ying_shu_ju_tong_ji.luax	server-script-module		vng-original		
script\common\gao_ji_chu_mo_wei_cheng.luax	\script\common\gao_ji_chu_mo_wei_cheng.luax	server-script-module		vng-original		
script\common\mo_jia_si_jiang_boss.luax	\script\common\mo_jia_si_jiang_boss.luax	server-script-module		vng-original		
